-- MySQL dump 10.13  Distrib 8.0.36, for Win64 (x86_64)
--
-- Host: localhost    Database: stock_fundamentals
-- ------------------------------------------------------
-- Server version	8.0.37

/*!40101 SET @OLD_CHARACTER_SET_CLIENT=@@CHARACTER_SET_CLIENT */;
/*!40101 SET @OLD_CHARACTER_SET_RESULTS=@@CHARACTER_SET_RESULTS */;
/*!40101 SET @OLD_COLLATION_CONNECTION=@@COLLATION_CONNECTION */;
/*!50503 SET NAMES utf8 */;
/*!40103 SET @OLD_TIME_ZONE=@@TIME_ZONE */;
/*!40103 SET TIME_ZONE='+00:00' */;
/*!40014 SET @OLD_UNIQUE_CHECKS=@@UNIQUE_CHECKS, UNIQUE_CHECKS=0 */;
/*!40014 SET @OLD_FOREIGN_KEY_CHECKS=@@FOREIGN_KEY_CHECKS, FOREIGN_KEY_CHECKS=0 */;
/*!40101 SET @OLD_SQL_MODE=@@SQL_MODE, SQL_MODE='NO_AUTO_VALUE_ON_ZERO' */;
/*!40111 SET @OLD_SQL_NOTES=@@SQL_NOTES, SQL_NOTES=0 */;

--
-- Table structure for table `basket`
--

DROP TABLE IF EXISTS `basket`;
/*!40101 SET @saved_cs_client     = @@character_set_client */;
/*!50503 SET character_set_client = utf8mb4 */;
CREATE TABLE `basket` (
  `ID` int NOT NULL AUTO_INCREMENT,
  `user_id` int NOT NULL,
  `stock_id` int NOT NULL,
  `stock_locale` varchar(255) COLLATE utf8mb4_general_ci NOT NULL,
  `taken_price` decimal(10,2) NOT NULL,
  `taken_date` datetime NOT NULL,
  `sold_date` datetime NOT NULL,
  `sold_price` decimal(10,2) NOT NULL,
  PRIMARY KEY (`ID`)
) ENGINE=InnoDB DEFAULT CHARSET=utf8mb4 COLLATE=utf8mb4_general_ci;
/*!40101 SET character_set_client = @saved_cs_client */;

--
-- Dumping data for table `basket`
--

LOCK TABLES `basket` WRITE;
/*!40000 ALTER TABLE `basket` DISABLE KEYS */;
/*!40000 ALTER TABLE `basket` ENABLE KEYS */;
UNLOCK TABLES;

--
-- Table structure for table `comments`
--

DROP TABLE IF EXISTS `comments`;
/*!40101 SET @saved_cs_client     = @@character_set_client */;
/*!50503 SET character_set_client = utf8mb4 */;
CREATE TABLE `comments` (
  `ID` int NOT NULL AUTO_INCREMENT,
  `stock_symbol` varchar(255) COLLATE utf8mb4_general_ci NOT NULL,
  `stock_locale` varchar(5) COLLATE utf8mb4_general_ci NOT NULL,
  `user_id` int NOT NULL,
  `comment` text COLLATE utf8mb4_general_ci NOT NULL,
  `created_at` datetime NOT NULL,
  `updated_at` datetime DEFAULT NULL,
  PRIMARY KEY (`ID`)
) ENGINE=InnoDB AUTO_INCREMENT=10 DEFAULT CHARSET=utf8mb4 COLLATE=utf8mb4_general_ci;
/*!40101 SET character_set_client = @saved_cs_client */;

--
-- Dumping data for table `comments`
--

LOCK TABLES `comments` WRITE;
/*!40000 ALTER TABLE `comments` DISABLE KEYS */;
INSERT INTO `comments` VALUES (1,'AAPL','US',8,'This is a sample comment','2023-07-06 12:34:56','2023-07-07 12:34:56'),(2,'MSTF','US',456,'This is a sample comment2','2024-07-06 15:13:25','2024-07-06 15:13:25'),(3,'VESBE','TR',456,'This is a sample comment2','2024-07-10 23:46:27','2024-07-10 23:46:27'),(4,'AAPL','US',8,'Dikkat Etmek Lazım tehlikeli hisse','2024-07-10 23:46:53','2024-07-10 23:46:53'),(5,'Bitcoin','WORLD',8,'This is a sample comment2','2024-07-12 11:59:54','2024-07-12 11:59:54'),(6,'STRK','World',8,'fix','2024-07-12 15:15:09','2024-07-12 15:15:09'),(7,'MSFT','US',8,'aldım longladım','2024-07-12 15:15:29','2024-07-12 15:15:29'),(8,'LTC','World',8,'almayın','2024-07-12 15:16:25','2024-07-12 15:16:25'),(9,'AAPL','US',1,'aldım çocuklarıma kalsın','2024-07-12 18:39:47','2024-07-12 18:39:47');
/*!40000 ALTER TABLE `comments` ENABLE KEYS */;
UNLOCK TABLES;

--
-- Table structure for table `contact_message`
--

DROP TABLE IF EXISTS `contact_message`;
/*!40101 SET @saved_cs_client     = @@character_set_client */;
/*!50503 SET character_set_client = utf8mb4 */;
CREATE TABLE `contact_message` (
  `ID` int NOT NULL AUTO_INCREMENT,
  `user_id` int NOT NULL,
  `reciever_id` int NOT NULL,
  `message` text COLLATE utf8mb4_general_ci NOT NULL,
  `created_at` datetime NOT NULL,
  `updated_at` datetime DEFAULT NULL,
  `email` varchar(255) COLLATE utf8mb4_general_ci DEFAULT NULL,
  `name` varchar(255) COLLATE utf8mb4_general_ci DEFAULT NULL,
  PRIMARY KEY (`ID`)
) ENGINE=InnoDB AUTO_INCREMENT=9 DEFAULT CHARSET=utf8mb4 COLLATE=utf8mb4_general_ci;
/*!40101 SET character_set_client = @saved_cs_client */;

--
-- Dumping data for table `contact_message`
--

LOCK TABLES `contact_message` WRITE;
/*!40000 ALTER TABLE `contact_message` DISABLE KEYS */;
INSERT INTO `contact_message` VALUES (1,123,8,'This is a test message','2024-07-06 16:22:11',NULL,NULL,NULL),(2,123,8,'This is a test message','2024-07-06 16:38:15',NULL,NULL,NULL),(3,1,8,'This is a test message','2024-07-12 16:23:12',NULL,NULL,NULL),(4,1,1,'This is a test message','2024-07-12 16:25:43',NULL,NULL,NULL),(5,1,1,'This is a test message','2024-07-12 16:32:43',NULL,NULL,NULL),(6,1,1,'This is a test message','2024-07-12 16:35:02',NULL,'erkn@gmail.com','Erkan Bebek'),(7,1,1,'dasda','2024-07-12 16:46:39',NULL,'xexemo7416@dcbin.com','das'),(8,1,1,'13asd5asd56as5 6asd 1d6s1sa65das','2024-07-12 18:36:16',NULL,'erkn@gmail.com','erkan');
/*!40000 ALTER TABLE `contact_message` ENABLE KEYS */;
UNLOCK TABLES;

--
-- Table structure for table `global_coins`
--

DROP TABLE IF EXISTS `global_coins`;
/*!40101 SET @saved_cs_client     = @@character_set_client */;
/*!50503 SET character_set_client = utf8mb4 */;
CREATE TABLE `global_coins` (
  `ID` int NOT NULL AUTO_INCREMENT,
  `symbol` varchar(20) COLLATE utf8mb4_general_ci NOT NULL,
  `name` varchar(255) COLLATE utf8mb4_general_ci NOT NULL,
  PRIMARY KEY (`ID`)
) ENGINE=InnoDB AUTO_INCREMENT=201 DEFAULT CHARSET=utf8mb4 COLLATE=utf8mb4_general_ci;
/*!40101 SET character_set_client = @saved_cs_client */;

--
-- Dumping data for table `global_coins`
--

LOCK TABLES `global_coins` WRITE;
/*!40000 ALTER TABLE `global_coins` DISABLE KEYS */;
INSERT INTO `global_coins` VALUES (1,'BTC','Bitcoin'),(2,'ETH','Ethereum'),(3,'USDT','Tether'),(4,'BNB','BNB'),(5,'SOL','Solana'),(6,'USDC','USD Coin'),(7,'XRP','XRP'),(8,'TON','Toncoin'),(9,'DOGE','Dogecoin'),(10,'ADA','Cardano'),(11,'TRX','TRON'),(12,'AVAX','Avalanche'),(13,'SHIB','Shiba Inu'),(14,'DOT','Polkadot'),(15,'LINK','Chainlink'),(16,'BCH','Bitcoin Cash'),(17,'DAI','Dai'),(18,'LEO','UNUS SED LEO'),(19,'NEAR','NEAR Protocol'),(20,'MATIC','Polygon'),(21,'UNI','Uniswap'),(22,'LTC','Litecoin'),(23,'KAS','Kaspa'),(24,'PEPE','Pepe'),(25,'ICP','Internet Computer'),(26,'FET','Fetch.ai'),(27,'ETC','Ethereum Classic'),(28,'XMR','Monero'),(29,'RNDR','Render Token'),(30,'APT','Aptos'),(31,'XLM','Stellar'),(32,'HBAR','Hedera'),(33,'ATOM','Cosmos'),(34,'CRO','Cronos'),(35,'OKB','OKB'),(36,'MKR','Maker'),(37,'MNT','Mantle'),(38,'FIL','Filecoin'),(39,'STX','Stacks'),(40,'ARB','Arbitrum'),(41,'WIF','dogwifhat'),(42,'VET','VeChain'),(43,'IMX','Immutable'),(44,'FDUSD','First Digital USD'),(45,'INJ','Injective'),(46,'GRT','The Graph'),(47,'SUI','Sui'),(48,'TAO','Bittensor'),(49,'OP','Optimism'),(50,'BONK','Bonk'),(51,'AR','Arweave'),(52,'BGB','Bitget Token'),(53,'ONDO','Ondo'),(54,'LDO','Lido DAO'),(55,'FLOKI','Floki Inu'),(56,'THETA','Theta Network'),(57,'FTM','Fantom'),(58,'BRETT','Brett'),(59,'AAVE','Aave'),(60,'JASMY','JasmyCoin'),(61,'RUNE','THORChain'),(62,'ALGO','Algorand'),(63,'NOT','Notcoin'),(64,'TIA','Celestia'),(65,'CORE','Core'),(66,'JUP','Jupiter'),(67,'PYTH','Pyth Network'),(68,'FLR','FLARE'),(69,'EGLD','MultiversX'),(70,'QNT','Quant'),(71,'AKT','Akash Network'),(72,'SEI','Sei'),(73,'KCS','KuCoin Token'),(74,'FLOW','Flow'),(75,'STRK','Starknet Token'),(76,'AXS','Axie Infinity'),(77,'ENS','Ethereum Name Service'),(78,'EOS','EOS'),(79,'BTT','BitTorrent-New'),(80,'USDD','USDD'),(81,'BEAM','Beam'),(82,'XTZ','Tezos'),(83,'OM','MANTRA'),(84,'GALA','Gala'),(85,'BSV','Bitcoin SV'),(86,'NEO','Neo'),(87,'SAND','The Sandbox'),(88,'ENA','Ethena'),(89,'GT','GateToken'),(90,'GNO','Gnosis'),(91,'ZK','zkSync'),(92,'NEXO','Nexo'),(93,'XAUT','Tether Gold'),(94,'ORDI','ORDI'),(95,'XEC','eCash'),(96,'SAFE','Safe'),(97,'MANA','Decentraland'),(98,'CHZ','Chiliz'),(99,'RON','Ronin'),(100,'PENDLE','Pendle');
/*!40000 ALTER TABLE `global_coins` ENABLE KEYS */;
UNLOCK TABLES;

--
-- Table structure for table `tr_stock`
--

DROP TABLE IF EXISTS `tr_stock`;
/*!40101 SET @saved_cs_client     = @@character_set_client */;
/*!50503 SET character_set_client = utf8mb4 */;
CREATE TABLE `tr_stock` (
  `ID` int NOT NULL AUTO_INCREMENT,
  `symbol` varchar(20) COLLATE utf8mb4_general_ci NOT NULL,
  `name` varchar(255) COLLATE utf8mb4_general_ci NOT NULL,
  PRIMARY KEY (`ID`)
) ENGINE=InnoDB AUTO_INCREMENT=385 DEFAULT CHARSET=utf8mb4 COLLATE=utf8mb4_general_ci;
/*!40101 SET character_set_client = @saved_cs_client */;

--
-- Dumping data for table `tr_stock`
--

LOCK TABLES `tr_stock` WRITE;
/*!40000 ALTER TABLE `tr_stock` DISABLE KEYS */;
INSERT INTO `tr_stock` VALUES (289,'AEFES','Anadolu Efes'),(290,'AFYON','Afyon Cimento'),(291,'AKBNK','Akbank'),(292,'AKENR','Ak Enerji'),(293,'AKSA','Aksa'),(294,'AKSEN','Aksa Enerji'),(295,'ALARK','Alarko Holding'),(296,'ALGYO','Alarko Gmyo'),(297,'ANELE','Anel Elektrik'),(298,'ARCLK','Arcelik'),(299,'ASELS','Aselsan'),(300,'AYGAZ','Aygaz'),(301,'BAGFS','Bagfas'),(302,'BANVT','Banvit'),(303,'BERA','Bera Holding'),(304,'BIMAS','Bim Magazalar'),(305,'BIZIM','Bizim Magazalari'),(306,'BJKAS','Besiktas Futbol Yat'),(307,'BRISA','Brisa'),(308,'BRSAN','Borusan Boru Sanayi'),(309,'CCOLA','Coca Cola Icecek'),(310,'CEMTS','Cemtas'),(311,'CRFSA','Carrefoursa'),(312,'DEVA','Deva Holding'),(313,'DOAS','Dogus Otomotiv'),(314,'DOHOL','Dogan Holding'),(315,'ECILC','Eczacibasi Ilac'),(316,'EGEEN','Ege Endustri'),(317,'EKGYO','Emlak Konut Gmyo'),(318,'ENKAI','Enka Insaat'),(319,'ERBOS','Erbosan'),(320,'EREGL','Eregli Demir Celik'),(321,'FENER','Fenerbahce Futbol'),(322,'FROTO','Ford Otosan'),(323,'GARAN','Garanti Bankasi'),(324,'GLYHO','Global Yat Holding'),(325,'GOLTS','Goltas Cimento'),(326,'GOODY','Good Year'),(327,'GOZDE','Gozde Girisim'),(328,'GSDHO','Gsd Holding'),(329,'GSRAY','Galatasaray Sportif'),(330,'GUBRF','Gubre Fabrik'),(331,'HALKB','T Halk Bankasi'),(332,'HLGYO','Halk Gmyo'),(333,'HURGZ','Hurriyet Gzt'),(334,'ICBCT','Icbc Turkey Bank'),(335,'IEYHO','Isiklar Enerji Yapi Hol'),(336,'IHLAS','Ihlas Holding'),(337,'IHLGM','Ihlas Gayrimenkul'),(338,'IPEKE','Ipek Dogal Enerji'),(339,'ISCTR','Is Bankasi C'),(340,'ISGYO','Is Gmyo'),(341,'KARSN','Karsan Otomotiv'),(342,'KARTN','Kartonsan'),(343,'KCHOL','Koc Holding'),(344,'KLGYO','Kiler Gmyo'),(345,'KORDS','Kordsa Teknik Tekstil'),(346,'KOZAA','Koza Madencilik'),(347,'KOZAL','Koza Altin'),(348,'KRDMD','Kardemir D'),(349,'MAVI','Mavi Giyim'),(350,'METRO','Metro Holding'),(351,'MGROS','Migros Ticaret'),(352,'NETAS','Netas Telekom'),(353,'NTHOL','Net Holding'),(354,'ODAS','Odas Elektrik'),(355,'OTKAR','Otokar'),(356,'PETKM','Petkim'),(357,'PGSUS','Pegasus'),(358,'PRKME','Park Elek Madencilik'),(359,'SAHOL','Sabanci Holding'),(360,'SASA','Sasa Polyester'),(361,'SISE','Sise Cam'),(362,'SKBNK','Sekerbank'),(363,'SNGYO','Sinpas Gmyo'),(364,'TATGD','Tat Gida'),(365,'TAVHL','Tav Havalimanlari'),(366,'TCELL','Turkcell'),(367,'THYAO','Turk Hava Yollari'),(368,'TKFEN','Tekfen Holding'),(369,'TKNSA','Ic Ve Dis Ticaret'),(370,'TLMAN','Trabzon Liman'),(371,'TMSN','Tumosan Motor Ve Traktor'),(372,'TOASO','Tofas Oto Fab'),(373,'TRCAS','Turcas Petrol'),(374,'TSKB','T S K B'),(375,'TTKOM','Turk Telekom'),(376,'TTRAK','Turk Traktor'),(377,'TUPRS','Tupras'),(378,'ULKER','Ulker Biskuvi'),(379,'VAKBN','Vakiflar Bankasi'),(380,'VESTL','Vestel'),(381,'VKGYO','Vakif Gmyo'),(382,'YATAS','Yatas'),(383,'YKBNK','Yapi Ve Kredi Bank'),(384,'ZOREN','Zorlu Enerji');
/*!40000 ALTER TABLE `tr_stock` ENABLE KEYS */;
UNLOCK TABLES;

--
-- Table structure for table `tr_stock_fundamentals`
--

DROP TABLE IF EXISTS `tr_stock_fundamentals`;
/*!40101 SET @saved_cs_client     = @@character_set_client */;
/*!50503 SET character_set_client = utf8mb4 */;
CREATE TABLE `tr_stock_fundamentals` (
  `ID` int NOT NULL AUTO_INCREMENT,
  `stock_name` varchar(100) COLLATE utf8mb4_general_ci NOT NULL,
  `last_price` double DEFAULT NULL,
  `profit_change` double DEFAULT NULL,
  `last_period_profit` double DEFAULT NULL,
  `last_year_profit` double DEFAULT NULL,
  `last_period` text COLLATE utf8mb4_general_ci,
  `ev_ebitda` double DEFAULT NULL,
  `sector_ev_ebitda_average` double DEFAULT NULL,
  `ev_sales` double DEFAULT NULL,
  `sector_ev_sales_average` double DEFAULT NULL,
  `pe_ratio` double DEFAULT NULL,
  `sector_pe_ratio_average` double DEFAULT NULL,
  `pbv_ratio` double DEFAULT NULL,
  `sector_pbv_ratio_average` double DEFAULT NULL,
  `sector` text COLLATE utf8mb4_general_ci,
  PRIMARY KEY (`ID`)
) ENGINE=InnoDB AUTO_INCREMENT=580 DEFAULT CHARSET=utf8mb4 COLLATE=utf8mb4_general_ci;
/*!40101 SET character_set_client = @saved_cs_client */;

--
-- Dumping data for table `tr_stock_fundamentals`
--

LOCK TABLES `tr_stock_fundamentals` WRITE;
/*!40000 ALTER TABLE `tr_stock_fundamentals` DISABLE KEYS */;
INSERT INTO `tr_stock_fundamentals` VALUES (387,'ACSEL',138,2.14577600791598,8997166,-7852465,'2024-03-01',32.9,16.2866666666666,3.5,3.49411764705882,29.3,20.1,3.6,4.39411764705882,'Kimyasal Ürün'),(388,'ADEL',514.5,0.017861714259117,87473000,85938000,'2024-03-01',21.7,23.4,5.2,3.85,28.1,28.1,8.9,5.65,'Kırtasiye'),(389,'AEFES',227.1,0.0381707248136983,3140536000,3025067000,'2024-03-01',6,11.9249999999999,1,2.06666666666666,5.9,16.2599999999999,1.8,2.28888888888888,'Meşrubat / İçecek'),(390,'AFYON',12.68,1.49273622765773,6502538,-13196793,'2024-03-01',6.9,13.2928571428571,2,3.74375,5.1,10.676923076923,1.1,3.9,'Çimento'),(391,'AGHOL',350.25,-0.439428365478298,2065517000,3684662000,'2024-03-01',0,0,0,0,4.9,15.15,1.2,3.14411764705882,'Holdingler'),(392,'AKCNS',145.5,-0.997505132401735,1601619,641965530,'2024-03-01',7.7,13.2928571428571,1.5,3.74375,15.7,10.676923076923,1.7,3.9,'Çimento'),(393,'AKMGY',278.5,0.248798369427676,93607091,74957730,'2024-03-01',0,0,0,0,19.7,8.59302325581395,1.6,1.0156862745098,'GYO'),(394,'AKSA',132.6,1.01712713454345,675197000,334732000,'2024-03-01',9.4,16.875,1.8,3.1,20.5,16.5999999999999,2.2,2.225,'Endüstriyel Tekstil'),(395,'AKSEN',43.96,-0.547423321477476,726185269,1604557423,'2024-03-01',11.3,14.215,2.6,7.65454545454545,11.7,13.5473684210526,1.5,1.46086956521739,'Elektrik Üretim'),(396,'ALARK',102.5,-2.71673239300963,-1275481945,742970745,'2024-03-01',0,0,0,0,9.9,15.15,1,3.14411764705882,'Holdingler'),(397,'ALCAR',1430,0.263782096594989,-108102561,-146835007,'2024-03-01',0,11.9444444444444,3.1,1.33999999999999,0,14.34,9.3,2.97,'Dayanıklı Tüketim'),(398,'ALFAS',72.35,-2.41157813797033,-396982394,281233028,'2024-03-01',29.1,16.26,3.7,4.33846153846153,0,28.3142857142857,9.5,6.79999999999999,'Elektrik Enerji Ürt.Teçh/Tesis Kurulum'),(399,'ALGYO',44.4,1.02459647557091,3283929,-133512177,'2024-03-01',0,0,0,0,4.5,8.59302325581395,0.5,1.0156862745098,'GYO'),(400,'ALKA',27.82,0.0332231982343613,-70067664,-72475533,'2024-03-01',9.4,14.95,2,3.68666666666666,0,19.75,3.8,3.05333333333333,'Kağıt Ürünleri'),(401,'ALKIM',34,-0.176788105204617,-122007928,-103678757,'2024-03-01',7.8,16.2866666666666,1.2,3.49411764705882,20.4,20.1,1.8,4.39411764705882,'Kimyasal Ürün'),(402,'ANGEN',11.99,0.516377663460358,-60189702,-124456001,'2024-03-01',27.3,17.090909090909,8,4.3,0,14.8714285714285,2,2.30833333333333,'Sağlık ve İlaç'),(403,'ARASE',57.2,-1.25694946665593,-167573193,652164004,'2024-03-01',3.8,11.28,0.7,1.16,3.3,8.98,1.3,1.46,'Elektrik - Doğalgaz Dağıtım'),(404,'ARCLK',170,-0.693888950868646,395111000,1290744000,'2024-03-01',8.4,11.9444444444444,0.7,1.33999999999999,17.3,14.34,2,2.97,'Dayanıklı Tüketim'),(405,'ARDYZ',38.12,0.777501470791319,-24957106,-112167510,'2024-03-01',7.7,16.776923076923,5.6,6.43529411764705,13.8,23.6375,3.7,8.38421052631579,'Teknoloji'),(406,'ARENA',40.62,-1.15746434932102,-9871866,62692705,'2024-03-01',5.3,12.6857142857142,0.2,1.95714285714285,27.3,24.9333333333333,2.7,4.3,'Bilgisayar Toptancılığı'),(407,'ARZUM',61.95,-3.77582018443228,-54278857,19554169,'2024-03-01',7,11.9444444444444,0.8,1.33999999999999,0,14.34,4.2,2.97,'Dayanıklı Tüketim'),(408,'ASELS',61.75,2.45680622838806,1403761000,-963588000,'2024-03-01',18.6,21.35,4,10.875,29,29,2.8,8.775,'Savunma'),(409,'ASTOR',100.6,3.64658480698011,571667972,123029708,'2024-03-01',15.1,16.26,5.1,4.33846153846153,20.4,28.3142857142857,7,6.79999999999999,'Elektrik Enerji Ürt.Teçh/Tesis Kurulum'),(410,'ATATP',136.3,6.02529459062221,123152255,17529835,'2024-03-01',0,16.776923076923,9.5,6.43529411764705,0,23.6375,12.1,8.38421052631579,'Teknoloji'),(411,'ATLAS',4.85,1.03838407104244,3708889,-96625733,'2024-03-01',0,10.5,0,3.44166666666666,7.1,5.11999999999999,1,3.775,'Yatırım Ortaklıkları'),(412,'AYEN',32,-0.459545579001364,254764816,471390012,'2024-03-01',12.1,14.215,4.4,7.65454545454545,9.8,13.5473684210526,0.7,1.46086956521739,'Elektrik Üretim'),(413,'AYES',48.46,-0.0373306697762487,81135967,84282281,'2023-12-01',5.2,11.2666666666666,0.3,3.94736842105263,18,21.79,2.9,5.5578947368421,'İnşaat Malzemeleri'),(414,'AYGAZ',173.5,-1.00900178052243,-3994000,443690000,'2024-03-01',28.3,9.975,0.6,0.72,7.1,9.73333333333333,0.9,1.01666666666666,'Petrol'),(415,'AZTEK',NULL,-0.729073991794521,29148156,107587146,'2024-03-01',8.1,14.2833333333333,1.2,2.17857142857142,33.1,14.2999999999999,4.4,2.64285714285714,'Perakande - Ticaret'),(416,'BAGFS',22.86,-0.220881140129095,-936000636,-766659919,'2024-03-01',0,22.0999999999999,3.3,5.45999999999999,0,10.8,0.7,3.01999999999999,'Tarım Kimyasalları'),(417,'BAKAB',41.86,1.89357529461163,25820531,-28895753,'2024-03-01',15,14.95,1.1,3.68666666666666,34.2,19.75,1.5,3.05333333333333,'Kağıt Ürünleri'),(418,'BASGZ',32.6,0.221890157081105,1028711866,841902081,'2024-03-01',7.3,11.28,0.8,1.16,5.5,8.98,1.3,1.46,'Elektrik - Doğalgaz Dağıtım'),(419,'BERA',18.66,0.17129378042636,853054243,728300839,'2024-03-01',0,0,0,0,3.9,15.15,0.7,3.14411764705882,'Holdingler'),(420,'BEYAZ',22.52,-0.671529642258763,-91459792,-54716225,'2024-03-01',6.8,5.5,0.2,4.21428571428571,0,14.3,3.3,3.25714285714285,'Diğer'),(421,'BFREN',889,-1.53795501381782,-62910347,116943509,'2023-12-01',0,16.68,23.3,8.4090909090909,0,20.82,0,4.9,'Otomotiv Parçası'),(422,'BIMAS',560.5,2.32806185370592,3877861000,1165201000,'2024-03-01',24.1,14.2833333333333,1.1,2.17857142857142,19.2,14.2999999999999,4.2,2.64285714285714,'Perakande - Ticaret'),(423,'BIZIM',34.44,-3.23406687129486,-220324039,98620163,'2024-03-01',0,14.2833333333333,0.1,2.17857142857142,0,14.2999999999999,1.4,2.64285714285714,'Perakande - Ticaret'),(424,'BLCYT',18.36,-1.58657247087502,-160620017,273828086,'2024-03-01',7.2,14.3176470588235,3.2,6.67692307692307,0,14.9357142857142,0.9,4.1074074074074,'Tekstil Entegre'),(425,'BMSCH',24.02,-0.782984222598766,-36866615,-20676916,'2024-03-01',16.2,17.0857142857142,0.5,1.825,0,9.6,1.1,2.03749999999999,'Demir-Çelik Döküm'),(426,'BMSTL',42,-0.450233942320727,7883333,14339432,'2024-03-01',25.2,17.0857142857142,2.3,1.825,0,9.6,3,2.03749999999999,'Demir-Çelik Döküm'),(427,'BOBET',28,-0.508959776834334,101054375,205796532,'2024-03-01',5.1,13.2928571428571,1.2,3.74375,8.4,10.676923076923,2,3.9,'Çimento'),(428,'BRISA',114.2,0.146281401312628,598633944,522239952,'2024-03-01',8.3,6,1.4,0.899999999999999,8.5,8.5,2.1,1.9,'Otomotiv Lastiği'),(429,'BRKSN',36.26,2.262855557074,19458708,5963705,'2024-03-01',9.3,11.2666666666666,2,3.94736842105263,13.6,21.79,2.5,5.5578947368421,'İnşaat Malzemeleri'),(430,'BRKVY',56.65,0,0,0,'2024-03-01',0,3.38333333333333,3.7,0.799999999999999,11.3,9.71111111111111,4.2,2.74166666666666,'Aracı Kurumlar'),(431,'BRLSM',19,1.72260803028441,11364575,-15727164,'2024-03-01',15.9,11.9444444444444,1.1,1.33999999999999,0,14.34,5.6,2.97,'Dayanıklı Tüketim'),(432,'BRYAT',2425,-0.557580202875102,263769819,596198047,'2024-03-01',0,0,0,0,35,15.15,2.5,3.14411764705882,'Holdingler'),(433,'CCOLA',791,-0.146035626053158,2715874000,3180313000,'2024-03-01',12.4,11.9249999999999,2.2,2.06666666666666,10,16.2599999999999,4.5,2.28888888888888,'Meşrubat / İçecek'),(434,'CEMTS',12.37,2.0029039266102,65378970,-65189664,'2024-03-01',6.1,15.2571428571428,1.2,1.27333333333333,30.2,20.5363636363636,1.5,2.08666666666666,'Demir-Çelik Temel'),(435,'CIMSA',30.7,0.136524055790628,362608000,319050000,'2024-03-01',9.6,13.2928571428571,1.6,3.74375,11.7,10.676923076923,1.4,3.9,'Çimento'),(436,'CLEBI',2515,3.47061376936647,510658947,114225691,'2024-03-01',17.3,11.3,5,3.14999999999999,29.5,12.3,11.2,4,'Havayolları ve Hizm.'),(437,'DEVA',83.45,0.630501670247154,-379626361,-1027410222,'2024-03-01',15.6,17.090909090909,1.8,4.3,4.6,14.8714285714285,1.1,2.30833333333333,'Sağlık ve İlaç'),(438,'DITAS',15.6,-0.861854547175094,-33762390,-18133742,'2024-03-01',0,16.68,1.3,8.4090909090909,0,20.82,3.9,4.9,'Otomotiv Parçası'),(439,'DMSAS',7.52,1.43527707263703,39739655,-91297377,'2024-03-01',11.8,17.0857142857142,0.8,1.825,6.6,9.6,1.6,2.03749999999999,'Demir-Çelik Döküm'),(440,'DOAS',275.75,-0.477590311543784,2976646000,5697915000,'2024-03-01',2.6,12.0142857142857,0.4,1.7,3.6,15.95,1.2,4.2125,'Otomotiv'),(441,'DOHOL',16.56,1.82743545068495,950279000,-1148463000,'2024-03-01',0,0,0,0,18.5,15.15,0.8,3.14411764705882,'Holdingler'),(442,'DURDO',14.34,0.0197141309222634,-64329826,-65623537,'2024-03-01',7.6,14.95,1.2,3.68666666666666,12.5,19.75,1.2,3.05333333333333,'Kağıt Ürünleri'),(443,'ECILC',52.65,2.62724683391532,450816000,124286000,'2024-03-01',38,17.090909090909,6.1,4.3,12,14.8714285714285,0.9,2.30833333333333,'Sağlık ve İlaç'),(444,'ECZYT',241,2.46846808193467,94942469,-64654091,'2024-03-01',0,0,0,0,22.3,15.15,1.3,3.14411764705882,'Holdingler'),(445,'EGEEN',12800,0.610415180346653,219962329,136587342,'2024-03-01',0,16.68,11,8.4090909090909,0,20.82,8.7,4.9,'Otomotiv Parçası'),(446,'EGGUB',38.7,-0.0412957052498196,-128945559,-123831836,'2024-03-01',6,22.0999999999999,1.6,5.45999999999999,10.8,10.8,0.8,3.01999999999999,'Tarım Kimyasalları'),(447,'EGPRO',209.1,0.110580894868436,216625296,195055846,'2024-03-01',6.1,11.2666666666666,1.8,3.94736842105263,33,21.79,3.3,5.5578947368421,'İnşaat Malzemeleri'),(448,'EGSER',3.49,-0.245745237378077,-283830195,-227839679,'2024-03-01',8.2,8.425,1,1.83333333333333,0,23.2666666666666,1.1,2.05,'Seramik'),(449,'EKGYO',9.4,1.02539384234859,81641000,-3214992000,'2024-03-01',0,0,0,0,0,8.59302325581395,0.5,1.0156862745098,'GYO'),(450,'ELITE',28.18,0.0897206946659077,59100554,54234589,'2024-03-01',21.9,12.9516129032258,4.8,4.02,28.5,16.916,3.8,2.85499999999999,'Gıda'),(451,'ENJSA',65.1,-0.116117780826019,-2758340000,-2471370000,'2024-03-01',5.2,11.28,0.7,1.16,17.7,8.98,1.2,1.46,'Elektrik - Doğalgaz Dağıtım'),(452,'ENKAI',42.32,0.230139348887159,4691781000,3814024000,'2024-03-01',9.5,18.7999999999999,1.9,3.22499999999999,14,19.3,1,3.51999999999999,'İnşaat- Taahhüt'),(453,'ERBOS',211.9,-0.220338013632608,-68574526,-56193059,'2024-03-01',8.4,17.0857142857142,1.2,1.825,0,9.6,2,2.03749999999999,'Demir-Çelik Döküm'),(454,'EREGL',53.3,61.018170544009,5600923000,90311000,'2024-03-01',11,15.2571428571428,1.4,1.27333333333333,19.3,20.5363636363636,0.9,2.08666666666666,'Demir-Çelik Temel'),(455,'ESCAR',324.75,0.0879408010764097,301192331,276846250,'2024-03-01',16,17.9428571428571,8.4,7.35,13.6,18.69,3.5,3.15999999999999,'Turizm'),(456,'ESEN',22.22,0.112424875098937,700656270,629845921,'2024-03-01',26.5,14.215,10.4,7.65454545454545,18.4,13.5473684210526,0.7,1.46086956521739,'Elektrik Üretim'),(457,'ETYAT',14.15,0.714322229315726,-2867896,-10038919,'2024-03-01',13.2,10.5,4.9,3.44166666666666,0,5.11999999999999,5,3.775,'Yatırım Ortaklıkları'),(458,'EUKYO',22.5,0.71735772082085,-3072059,-10869071,'2024-03-01',22.4,10.5,8.7,3.44166666666666,0,5.11999999999999,7.6,3.775,'Yatırım Ortaklıkları'),(459,'EUYO',13.38,0.755940879673361,-2418847,-9910906,'2024-03-01',11.3,10.5,4.5,3.44166666666666,0,5.11999999999999,4.4,3.775,'Yatırım Ortaklıkları'),(460,'FLAP',7.79,-0.73968220345375,-49589255,-28504778,'2024-03-01',0,5.5,2.7,4.21428571428571,7.2,14.3,1.2,3.25714285714285,'Diğer'),(461,'FMIZP',325.5,2.35634405644059,37796653,11261257,'2024-03-01',0,16.68,8.1,8.4090909090909,0,20.82,13.8,4.9,'Otomotiv Parçası'),(462,'FORTE',55.8,-8.15763760475812,-35196960,4917399,'2024-03-01',24.1,16.776923076923,5.5,6.43529411764705,0,23.6375,6,8.38421052631579,'Teknoloji'),(463,'FROTO',1087,0.100182590668797,8973032000,8155948000,'2024-03-01',10.8,12.0142857142857,1,1.7,7.6,15.95,4.2,4.2125,'Otomotiv'),(464,'GEDIK',14.4,0.0664783303264625,111244938,104310547,'2024-03-01',3.9,3.38333333333333,0.1,0.799999999999999,9.4,9.71111111111111,2.9,2.74166666666666,'Aracı Kurumlar'),(465,'GENIL',66.1,2.11366170076969,161691814,-145189346,'2024-03-01',17.9,17.090909090909,2.2,4.3,26.5,14.8714285714285,3.5,2.30833333333333,'Sağlık ve İlaç'),(466,'GENTS',8.67,1.14557273272032,7534251,-51755922,'2024-03-01',3.9,9.2,0.9,2.68333333333333,13.9,13.9666666666666,1.4,3.43333333333333,'Mobilya'),(467,'GLCVY',41.94,0,0,0,'2024-03-01',0,3.38333333333333,2.3,0.799999999999999,5.6,9.71111111111111,3,2.74166666666666,'Aracı Kurumlar'),(468,'GMTAS',10.88,-0.725650785475405,116338467,424052488,'2024-03-01',7.3,14.2833333333333,0.8,2.17857142857142,0,14.2999999999999,0.8,2.64285714285714,'Perakande - Ticaret'),(469,'GOLTS',483.5,0.760820534310509,316502765,179747316,'2024-03-01',7.9,13.2928571428571,2,3.74375,5,10.676923076923,1.4,3.9,'Çimento'),(470,'GRNYO',9.76,0.567366494640745,-4553536,-10525158,'2024-03-01',21.3,10.5,1.2,3.44166666666666,0,5.11999999999999,5.1,3.775,'Yatırım Ortaklıkları'),(471,'GRSEL',149.8,2.37466942180787,430624128,127604833,'2024-03-01',10.6,17.9428571428571,2.9,7.35,10.5,18.69,3.7,3.15999999999999,'Turizm'),(472,'GRTRK',62.9,0.0551309924294917,64844527,61456376,'2024-03-01',17.6,14.2833333333333,3.6,2.17857142857142,15.7,14.2999999999999,2.5,2.64285714285714,'Perakande - Ticaret'),(473,'GSDHO',4.17,-108.687116564417,-286064000,-2608000,'2024-03-01',0,0,0,0,0,15.15,0.6,3.14411764705882,'Holdingler'),(474,'GWIND',28.82,3.80493254985772,208654023,43424964,'2024-03-01',12.8,14.215,9.5,7.65454545454545,20.7,13.5473684210526,2,1.46086956521739,'Elektrik Üretim'),(475,'HATEK',13.52,-1.35672278646396,-45399834,127269229,'2024-03-01',0,14.3176470588235,2,6.67692307692307,0,14.9357142857142,0.7,4.1074074074074,'Tekstil Entegre'),(476,'HKTM',17.21,0.810887653208868,-17263742,-91288286,'2024-03-01',22.8,21.9199999999999,3.3,4.57142857142857,39.2,24.2,3.7,3.61666666666666,'Endüstriyel Makine -Teçhizat Üretim'),(477,'HLGYO',3.02,-0.633712795211156,2585041024,7057415575,'2023-12-01',0,0,0,0,3.7,8.59302325581395,0.5,1.0156862745098,'GYO'),(478,'INDES',8.59,6.52334423401913,109260752,-19781630,'2024-03-01',1.9,12.6857142857142,0.1,1.95714285714285,10.3,24.9333333333333,1.7,4.3,'Bilgisayar Toptancılığı'),(479,'ISBIR',130.2,1.75770088941397,161556773,-213219722,'2023-12-01',0,0,0,0,27.1,15.15,1.2,3.14411764705882,'Holdingler'),(480,'ISDMR',39,6.115212584863,4324058000,-845333000,'2024-03-01',11.6,15.2571428571428,1.3,1.27333333333333,11.7,20.5363636363636,1.2,2.08666666666666,'Demir-Çelik Temel'),(481,'ISKPL',12.7,-0.384384252965075,29273752,47551987,'2024-03-01',16.5,16.2866666666666,2.1,3.49411764705882,32,20.1,2,4.39411764705882,'Kimyasal Ürün'),(482,'ISKUR',6299997.5,0,0,0,'2024-03-01',0,0,0,0,0,8.19230769230769,0,2.63076923076923,'Bankacılık'),(483,'ISMEN',38.68,-0.729505105504241,265382000,981098000,'2024-03-01',3.4,3.38333333333333,0.1,0.799999999999999,11.2,9.71111111111111,2.9,2.74166666666666,'Aracı Kurumlar'),(484,'ISSEN',11.8,1.16961534695636,57964454,-341740621,'2024-03-01',8,14.3176470588235,2.1,6.67692307692307,7.2,14.9357142857142,1.3,4.1074074074074,'Tekstil Entegre'),(485,'ISYAT',9.48,0.628521406445246,-16749881,-45089761,'2024-03-01',7.5,10.5,1.9,3.44166666666666,0,5.11999999999999,3.8,3.775,'Yatırım Ortaklıkları'),(486,'JANTS',29.5,-0.322813548081983,16232143,23969976,'2024-03-01',19.1,16.68,3,8.4090909090909,0,20.82,5.5,4.9,'Otomotiv Parçası'),(487,'KARTN',118.2,0,0,705019197,'2023-12-01',0,14.95,3.7,3.68666666666666,0,19.75,3.9,3.05333333333333,'Kağıt Ürünleri'),(488,'KAYSE',27.58,0,0,4133683382,'2023-09-01',14,12.9516129032258,2.5,4.02,4.8,16.916,1.4,2.85499999999999,'Gıda'),(489,'KCAER',56.5,-0.0291386771565188,95598764,98467991,'2024-03-01',16.5,15.2571428571428,2.7,1.27333333333333,31.9,20.5363636363636,4.6,2.08666666666666,'Demir-Çelik Temel'),(490,'KCHOL',223.2,-0.873375105209015,1354000000,10693000000,'2024-03-01',0,0,0,0,9,15.15,1.2,3.14411764705882,'Holdingler'),(491,'KFEIN',126.5,1.17840450685428,25228250,-141410385,'2024-03-01',11.1,16.776923076923,2.1,6.43529411764705,10.9,23.6375,3.9,8.38421052631579,'Teknoloji'),(492,'KLKIM',27.2,4.39468744927691,104132489,-30675133,'2024-03-01',9.7,8.425,2.3,1.83333333333333,21.9,23.2666666666666,4.3,2.05,'Seramik'),(493,'KLMSN',29.46,-14.8450646041042,-61934512,4473400,'2024-03-01',39.5,11.9444444444444,1.3,1.33999999999999,0,14.34,0.8,2.97,'Dayanıklı Tüketim'),(494,'KLSYN',5.48,-0.560243254477644,78891613,179398301,'2024-03-01',6.2,9.2,2.3,2.68333333333333,0,13.9666666666666,1.6,3.43333333333333,'Mobilya'),(495,'KMPUR',58,2.32349165802702,103661443,31190523,'2024-03-01',11.2,16.2866666666666,1.4,3.49411764705882,20.6,20.1,4.4,4.39411764705882,'Kimyasal Ürün'),(496,'KONKA',50.5,1.12257631749817,33754785,-275377705,'2024-03-01',18.9,14.95,2.5,3.68666666666666,10.9,19.75,1.2,3.05333333333333,'Kağıt Ürünleri'),(497,'KONTR',180.8,0.825360964039486,369302507,202317522,'2024-03-01',0,16.26,9.9,4.33846153846153,0,28.3142857142857,10.1,6.79999999999999,'Elektrik Enerji Ürt.Teçh/Tesis Kurulum'),(498,'KORDS',92.95,-0.0038423221667808,33609336,33738972,'2024-03-01',14,16.875,1.2,3.1,0,16.5999999999999,1.3,2.225,'Endüstriyel Tekstil'),(499,'KRDMA',24.68,0.521575511722454,-175373806.6,-366565280.2,'2024-03-01',4.9,15.2571428571428,0.5,1.27333333333333,11.2,20.5363636363636,0.7,2.08666666666666,'Demir-Çelik Temel'),(500,'KRDMB',22.42,0.521575511498396,-87189565.68,-182243107.9,'2024-03-01',4.5,15.2571428571428,0.5,1.27333333333333,10.3,20.5363636363636,0.6,2.08666666666666,'Demir-Çelik Temel'),(501,'KRDMD',31.02,0.52157551159198,-569409603.7,-1190176543,'2024-03-01',6.4,15.2571428571428,0.7,1.27333333333333,14.1,20.5363636363636,0.8,2.08666666666666,'Demir-Çelik Temel'),(502,'KRPLS',7.83,0.359738120439983,-36157205,-56472525,'2024-03-01',16.8,14.95,1.8,3.68666666666666,0,19.75,2.1,3.05333333333333,'Kağıt Ürünleri'),(503,'KRVGD',27.2,1.86554036401637,32905000,11483000,'2024-03-01',12,12.9516129032258,1.2,4.02,19.6,16.916,1.5,2.85499999999999,'Gıda'),(504,'KSTUR',7630,1.74271087648336,159789927,58259851,'2023-12-01',0,17.9428571428571,0,7.35,0,18.69,0,3.15999999999999,'Turizm'),(505,'KTSKR',70.3,655.072192718173,51391447,78332,'2024-03-01',8.2,12.9516129032258,1.6,4.02,11.5,16.916,1,2.85499999999999,'Gıda'),(506,'LIDER',80,-0.0527644722399373,132550265,139933798,'2024-03-01',24.9,17.9428571428571,7,7.35,21,18.69,3.1,3.15999999999999,'Turizm'),(507,'LINK',565,0.625996495613045,-4970581,-13290199,'2024-03-01',0,16.776923076923,0,6.43529411764705,0,23.6375,37,8.38421052631579,'Teknoloji'),(508,'LKMNH',110.5,0.0165063184799713,322171908,316940389,'2023-12-01',11.9,17.090909090909,2.3,4.3,11.7,14.8714285714285,3,2.30833333333333,'Sağlık ve İlaç'),(509,'LOGO',94.1,0.592815950287201,-35515000,-87221000,'2024-03-01',12.3,16.776923076923,2.9,6.43529411764705,0,23.6375,4.2,8.38421052631579,'Teknoloji'),(510,'LUKSK',115.1,-0.45593885077662,33089730,60819873,'2024-03-01',26.9,14.3176470588235,12.6,6.67692307692307,32.2,14.9357142857142,3.6,4.1074074074074,'Tekstil Entegre'),(511,'MACKO',88.05,1.53735817310337,35052913,13814728,'2024-03-01',9,9,4.9,4.9,12.6,12.6,5.6,5.6,'Eğlence Hizmetleri'),(512,'MAGEN',29.38,0.699091010283801,1171282854,689358514,'2024-03-01',0,16.26,0,4.33846153846153,0,28.3142857142857,2.9,6.79999999999999,'Elektrik Enerji Ürt.Teçh/Tesis Kurulum'),(513,'MAKIM',34.94,4.40322422106015,24166724,-7101126,'2024-03-01',16.1,21.9199999999999,4.8,4.57142857142857,24.1,24.2,6,3.61666666666666,'Endüstriyel Makine -Teçhizat Üretim'),(514,'MAVI',118,1.27833985042329,960220000,421456000,'2024-03-01',7.9,14.3176470588235,1.6,6.67692307692307,20.4,14.9357142857142,6,4.1074074074074,'Tekstil Entegre'),(515,'MEDTR',35,1.20786810057214,10603267,-51009592,'2024-03-01',10.5,17.090909090909,2.6,4.3,0,14.8714285714285,2.4,2.30833333333333,'Sağlık ve İlaç'),(516,'MERCN',11.68,1.3986292895503,30478346,-76457869,'2024-03-01',8.9,16.2866666666666,1.2,3.49411764705882,12.8,20.1,1.4,4.39411764705882,'Kimyasal Ürün'),(517,'MERIT',215.7,43.9459276251677,85274937,-1985635,'2024-03-01',0,17.9428571428571,0,7.35,33.4,18.69,0.7,3.15999999999999,'Turizm'),(518,'MGROS',529,-0.482601225275803,1241562000,2399623000,'2024-03-01',33.5,14.2833333333333,0.5,2.17857142857142,12.6,14.2999999999999,2.3,2.64285714285714,'Perakande - Ticaret'),(519,'MIPAZ',96.7,0.800204732662635,-47771849,-239104007,'2024-03-01',0,20.7,0,4.45,0,23.0499999999999,10,6.23333333333333,'Pazarlama'),(520,'MSGYO',13.86,-1.03082077445777,-1732881,56224447,'2024-03-01',0,0,0,0,2.3,8.59302325581395,0.5,1.0156862745098,'GYO'),(521,'MTRKS',65.55,-0.617653370824013,31220839,81655850,'2024-03-01',13.6,16.776923076923,3.9,6.43529411764705,0,23.6375,7.2,8.38421052631579,'Teknoloji'),(522,'MTRYO',9.22,1.0404830976548,3919165,-96809909,'2024-03-01',0.4,10.5,0,3.44166666666666,9.1,5.11999999999999,1.3,3.775,'Yatırım Ortaklıkları'),(523,'NATEN',50.45,0.824432601695363,628540935,344513102,'2024-03-01',25.3,16.26,3.9,4.33846153846153,20.7,28.3142857142857,1.2,6.79999999999999,'Elektrik Enerji Ürt.Teçh/Tesis Kurulum'),(524,'NTGAZ',16.29,2.03009488560895,61894100,-60085824,'2024-03-01',4.2,9.975,0.9,0.72,17.4,9.73333333333333,1.4,1.01666666666666,'Petrol'),(525,'NUHCM',256.25,4.34807062834839,108055815,20204635,'2024-03-01',14.1,13.2928571428571,3,3.74375,18.7,10.676923076923,2.7,3.9,'Çimento'),(526,'ONCSM',134.3,-2.98084438592696,-35946153,-9029781,'2024-03-01',0,16.2866666666666,14.2,3.49411764705882,0,20.1,14.4,4.39411764705882,'Kimyasal Ürün'),(527,'ORCAY',12.05,0.161128563765594,-18178391,-21670056,'2024-03-01',7.9,11.9249999999999,1.8,2.06666666666666,0,16.2599999999999,2.4,2.28888888888888,'Meşrubat / İçecek'),(528,'OSMEN',255.75,-0.431061515688714,88848403,156165219,'2024-03-01',5.6,3.38333333333333,0,0.799999999999999,13.1,9.71111111111111,3.1,2.74166666666666,'Aracı Kurumlar'),(529,'OTKAR',649,0.385357354314379,-417319000,-678962000,'2024-03-01',0,12.0142857142857,3.3,1.7,34.6,15.95,9.1,4.2125,'Otomotiv'),(530,'OYAYO',39.52,0.76109523140667,-2872778,-12024783,'2024-03-01',30.2,10.5,2.1,3.44166666666666,0,5.11999999999999,7.6,3.775,'Yatırım Ortaklıkları'),(531,'OZSUB',31.08,1.14621800967837,6995529,-47843142,'2024-03-01',13.3,11.45,1.5,1.45,0,18.4,3.4,4.45,'Hayvancılık'),(532,'PAGYO',49.76,1.75898515280795,148987731,54000918,'2024-03-01',0,0,0,0,1.5,8.59302325581395,0.5,1.0156862745098,'GYO'),(533,'PAPIL',142.5,-0.456694019957826,27344170,50329227,'2024-03-01',0,16.776923076923,0,6.43529411764705,0,23.6375,12.4,8.38421052631579,'Teknoloji'),(534,'PCILT',20.26,3.143185798631,309882990,74793409,'2023-12-01',6.9,16.3,0.4,4.28571428571428,7.6,17.9,2.9,4.61666666666666,'Medya'),(535,'PETUN',87.45,-0.921499884524319,5443481,69343605,'2024-03-01',21.6,12.9516129032258,0.9,4.02,9.7,16.916,0.8,2.85499999999999,'Gıda'),(536,'PLTUR',17.82,-0.955249877185961,-55184122,-28223565,'2024-03-01',13,12.1,1.9,5.3625,0,24.1,0.9,5.4375,'Ulaştırma-Lojistik'),(537,'PNLSN',65.9,-0.71324439353594,20681508,72122419,'2024-03-01',11.1,11.2666666666666,2,3.94736842105263,28.6,21.79,3.5,5.5578947368421,'İnşaat Malzemeleri'),(538,'PNSUT',87.75,-0.9814237881648,1520590,81856840,'2024-03-01',0,11.9249999999999,0.7,2.06666666666666,19.8,16.2599999999999,0.5,2.28888888888888,'Meşrubat / İçecek'),(539,'POLHO',13.55,4.27459781825342,186642838,-56997179,'2024-03-01',0,0,0,0,10.4,15.15,0.8,3.14411764705882,'Holdingler'),(540,'POLTK',8400,-6.1110830858959,-19425111,-2731667,'2024-03-01',0,16.2866666666666,0,3.49411764705882,0,20.1,0,4.39411764705882,'Kimyasal Ürün'),(541,'PRKAB',36.76,-1.72361887858921,-86133728,-31624736,'2024-03-01',21.5,17.8666666666666,0.7,1.66666666666666,0,20.1,7.3,5.39999999999999,'Kablo'),(542,'PSDTC',94.1,-2.5356700106805,-741529,-209728,'2024-03-01',0,14.2833333333333,13.3,2.17857142857142,0,14.2999999999999,7.7,2.64285714285714,'Perakande - Ticaret'),(543,'SAHOL',93.05,-1.27712201799746,-5366161000,-2356554000,'2024-03-01',0,0,0,0,16.1,15.15,0.8,3.14411764705882,'Holdingler'),(544,'SANFM',77.3,9.21795829115205,18924936,1852125,'2024-03-01',24.8,16.2866666666666,3.1,3.49411764705882,37.4,20.1,6.5,4.39411764705882,'Kimyasal Ürün'),(545,'SANKO',25,-0.67975583287115,-50018333,-29777145,'2024-03-01',0,20.7,0.5,4.45,9.3,23.0499999999999,2.3,6.23333333333333,'Pazarlama'),(546,'SARKY',33.6,-0.446723244859448,213588469,386042730,'2024-03-01',14.1,11.2666666666666,0.5,3.94736842105263,12.7,21.79,2.1,5.5578947368421,'İnşaat Malzemeleri'),(547,'SDTTR',253.5,-0.747132135443603,-99182455,-56768720,'2024-03-01',0,21.35,12.3,10.875,0,29,10.6,8.775,'Savunma'),(548,'SELEC',45.1,-0.609465609098156,247844630,634629461,'2024-03-01',5.3,17.090909090909,0.3,4.3,0,14.8714285714285,1.6,2.30833333333333,'Sağlık ve İlaç'),(549,'SISE',48.64,-0.557594986757085,2355355000,5323979000,'2024-03-01',13.2,13.2,1.4,1.4,10.6,10.6,1,1,'Cam'),(550,'SODSN',139.7,0.700480379848714,42932205,25247104,'2023-12-01',39.3,16.2866666666666,10.3,3.49411764705882,0,20.1,18.5,4.39411764705882,'Kimyasal Ürün'),(551,'SOKE',14.22,-2.7893727125785,-102512574,57289671,'2024-03-01',12.4,12.9516129032258,1.1,4.02,0,16.916,2.1,2.85499999999999,'Gıda'),(552,'SUMAS',390,0.259481940313246,-76743481,-103634854,'2023-12-01',23.6,9.2,5.9,2.68333333333333,0,13.9666666666666,10.5,3.43333333333333,'Mobilya'),(553,'SUNTK',19.6,0.598188930010704,-45280028,-112689847,'2024-03-01',8,14.3176470588235,1,6.67692307692307,29.7,14.9357142857142,2.5,4.1074074074074,'Tekstil Entegre'),(554,'SUWEN',31,-0.145677780005266,191563448,224228568,'2023-12-01',13,14.3176470588235,2.8,6.67692307692307,36.2,14.9357142857142,8.4,4.1074074074074,'Tekstil Entegre'),(555,'TATGD',24.84,-1.80609707655515,-121036898,150151764,'2024-03-01',0,12.9516129032258,1.2,4.02,0,16.916,1.2,2.85499999999999,'Gıda'),(556,'TBORG',95,-0.707079778476276,-661490000,-387498000,'2024-03-01',8.8,11.9249999999999,1.8,2.06666666666666,0,16.2599999999999,2.9,2.28888888888888,'Meşrubat / İçecek'),(557,'TCELL',100,10.780203952082,2634562000,-269377000,'2024-03-01',5.3,10.9199999999999,2.5,3.22,14.4,21.06,1.5,2.3,'İletişim'),(558,'TGSAS',72.15,1.69097529620574,8820904,3277958,'2024-03-01',20.7,20.7,8.4,4.45,36.8,23.0499999999999,6.4,6.23333333333333,'Pazarlama'),(559,'TKFEN',54.35,0.719420770765293,-530671000,-1891341000,'2024-03-01',28.7,18.7999999999999,0.5,3.22499999999999,0,19.3,0.8,3.51999999999999,'İnşaat- Taahhüt'),(560,'TLMAN',114,-0.250983667625248,159340442,212732934,'2023-12-01',11,12.1,5.7,5.3625,15.7,24.1,3.1,5.4375,'Ulaştırma-Lojistik'),(561,'TNZTP',60.4,1.27306474356158,72899889,32071189,'2024-03-01',19.8,17.090909090909,5.5,4.3,8.9,14.8714285714285,2.1,2.30833333333333,'Sağlık ve İlaç'),(562,'TOASO',339.5,0.0244433864999138,2806016000,2739064000,'2024-03-01',7.5,12.0142857142857,1.1,1.7,10.5,15.95,4.5,4.2125,'Otomotiv'),(563,'TTKOM',48.92,-0.157905358009165,1043218000,1238837000,'2024-03-01',6.5,10.9199999999999,2.2,3.22,10.8,21.06,1.5,2.3,'İletişim'),(564,'TTRAK',926,-0.0552381167510387,1748106742,1850314638,'2024-03-01',6.6,12.0142857142857,1.5,1.7,10.3,15.95,7.2,4.2125,'Otomotiv'),(565,'UNLU',16.18,3.75660922641341,24317307,-8821456,'2024-03-01',4.6,3.38333333333333,1.4,0.799999999999999,0,9.71111111111111,1.6,2.74166666666666,'Aracı Kurumlar'),(566,'VAKKO',125.9,2.33061701249845,409775270,123032840,'2024-03-01',9,14.2833333333333,2,2.17857142857142,9.1,14.2999999999999,3.2,2.64285714285714,'Perakande - Ticaret'),(567,'VBTYZ',29.24,15.1853514698384,22823304,1410121,'2024-03-01',18.4,16.776923076923,2.6,6.43529411764705,29.2,23.6375,5.9,8.38421052631579,'Teknoloji'),(568,'VERTU',49,1.47281573065845,478769267,-1012591663,'2024-03-01',15.4,10.5,0,3.44166666666666,0,5.11999999999999,0.7,3.775,'Yatırım Ortaklıkları'),(569,'VERUS',295.25,2.69818805621358,189886839,-111817321,'2024-03-01',0,0,0,0,35.6,15.15,6.7,3.14411764705882,'Holdingler'),(570,'VESBE',21.22,-0.446430783760636,616613000,1113886000,'2024-03-01',4.7,11.9444444444444,0.7,1.33999999999999,8.2,14.34,1.3,2.97,'Dayanıklı Tüketim'),(571,'VKFYO',28.4,0.655629087668018,-2040814,-5926209,'2024-03-01',0,10.5,0,3.44166666666666,0,5.11999999999999,17.2,3.775,'Yatırım Ortaklıkları'),(572,'YAPRK',472,-1.2209226591501,-21580993,97685738,'2024-03-01',0,12.9516129032258,33,4.02,0,16.916,18,2.85499999999999,'Gıda'),(573,'YATAS',34.42,-0.85359328505019,72079388,492322965,'2024-03-01',7.2,9.2,0.7,2.68333333333333,19.8,13.9666666666666,1,3.43333333333333,'Mobilya'),(574,'YGGYO',52.3,-0.820390230841804,145618190,810747604,'2024-03-01',0,0,0,0,1.8,8.59302325581395,0.8,1.0156862745098,'GYO'),(575,'YKSLN',21.18,0.290059880597145,-61813258,-87068270,'2024-03-01',32.7,15.2571428571428,2.8,1.27333333333333,0,20.5363636363636,4.1,2.08666666666666,'Demir-Çelik Temel'),(576,'YONGA',78,-3.5416755671635,-266617193,-58704588,'2023-12-01',0,9.2,5.6,2.68333333333333,0,13.9666666666666,4.4,3.43333333333333,'Mobilya'),(577,'YUNSA',83.3,1.62774022300566,44086704,16777421,'2024-03-01',13.5,14.3176470588235,2.5,6.67692307692307,8.5,14.9357142857142,1.6,4.1074074074074,'Tekstil Entegre'),(578,'YYLGD',12.07,0.148354019684775,402874024,350827373,'2024-03-01',11.7,12.9516129032258,1.4,4.02,25.8,16.916,2,2.85499999999999,'Gıda'),(579,'ZRGYO',8.08,2.26925756360197,72538514,-57150350,'2024-03-01',0,0,0,0,8.8,8.59302325581395,0.9,1.0156862745098,'GYO');
/*!40000 ALTER TABLE `tr_stock_fundamentals` ENABLE KEYS */;
UNLOCK TABLES;

--
-- Table structure for table `us_stock`
--

DROP TABLE IF EXISTS `us_stock`;
/*!40101 SET @saved_cs_client     = @@character_set_client */;
/*!50503 SET character_set_client = utf8mb4 */;
CREATE TABLE `us_stock` (
  `ID` int NOT NULL AUTO_INCREMENT,
  `symbol` varchar(20) COLLATE utf8mb4_general_ci NOT NULL,
  `name` varchar(255) COLLATE utf8mb4_general_ci NOT NULL,
  PRIMARY KEY (`ID`)
) ENGINE=InnoDB AUTO_INCREMENT=31 DEFAULT CHARSET=utf8mb4 COLLATE=utf8mb4_general_ci;
/*!40101 SET character_set_client = @saved_cs_client */;

--
-- Dumping data for table `us_stock`
--

LOCK TABLES `us_stock` WRITE;
/*!40000 ALTER TABLE `us_stock` DISABLE KEYS */;
INSERT INTO `us_stock` VALUES (1,'MSFT','Microsoft Corporation'),(2,'AAPL','Apple Inc.'),(3,'AMZN','Amazon.com, Inc.'),(4,'JPM','JP Morgan Chase & Co.'),(5,'WMT','Walmart Inc.'),(6,'V','Visa Inc.'),(7,'UNH','UnitedHealth Group Incorporated'),(8,'PG','Procter & Gamble Company (The)'),(9,'JNJ','Johnson & Johnson'),(10,'HD','Home Depot, Inc. (The)'),(11,'MRK','Merck & Company, Inc.'),(12,'CVX','Chevron Corporation'),(13,'KO','Coca-Cola Company (The)'),(14,'CRM','Salesforce, Inc.'),(15,'CSCO','Cisco Systems, Inc.'),(16,'MCD','McDonald\'s Corporation'),(17,'DIS','Walt Disney Company (The)'),(18,'VZ','Verizon Communications Inc.'),(19,'AXP','American Express Company'),(20,'AMGN','Amgen Inc.'),(21,'IBM','International Business Machines Corporation'),(22,'CAT','Caterpillar, Inc.'),(23,'GS','Goldman Sachs Group, Inc. (The)'),(24,'HON','Honeywell International Inc.'),(25,'INTC','Intel Corporation'),(26,'NKE','Nike, Inc.'),(27,'BA','Boeing Company (The)'),(28,'MMM','3M Company'),(29,'TRV','The Travelers Companies, Inc.'),(30,'DOW','Dow Inc.');
/*!40000 ALTER TABLE `us_stock` ENABLE KEYS */;
UNLOCK TABLES;

--
-- Table structure for table `us_stock_fundamentals`
--

DROP TABLE IF EXISTS `us_stock_fundamentals`;
/*!40101 SET @saved_cs_client     = @@character_set_client */;
/*!50503 SET character_set_client = utf8mb4 */;
CREATE TABLE `us_stock_fundamentals` (
  `ID` int NOT NULL AUTO_INCREMENT,
  `stock_name` varchar(100) COLLATE utf8mb4_general_ci NOT NULL,
  `last_price` double DEFAULT NULL,
  `profit_change` double DEFAULT NULL,
  `last_period_profit` double DEFAULT NULL,
  `last_year_profit` double DEFAULT NULL,
  `last_period` text COLLATE utf8mb4_general_ci,
  `ev_ebitda` double DEFAULT NULL,
  `sector_ev_ebitda_average` double DEFAULT NULL,
  `ev_sales` double DEFAULT NULL,
  `sector_ev_sales_average` double DEFAULT NULL,
  `pe_ratio` double DEFAULT NULL,
  `sector_pe_ratio_average` double DEFAULT NULL,
  `pbv_ratio` double DEFAULT NULL,
  `sector_pbv_ratio_average` double DEFAULT NULL,
  `sector` text COLLATE utf8mb4_general_ci,
  PRIMARY KEY (`ID`)
) ENGINE=InnoDB DEFAULT CHARSET=utf8mb4 COLLATE=utf8mb4_general_ci;
/*!40101 SET character_set_client = @saved_cs_client */;

--
-- Dumping data for table `us_stock_fundamentals`
--

LOCK TABLES `us_stock_fundamentals` WRITE;
/*!40000 ALTER TABLE `us_stock_fundamentals` DISABLE KEYS */;
/*!40000 ALTER TABLE `us_stock_fundamentals` ENABLE KEYS */;
UNLOCK TABLES;

--
-- Table structure for table `user_stock_entry`
--

DROP TABLE IF EXISTS `user_stock_entry`;
/*!40101 SET @saved_cs_client     = @@character_set_client */;
/*!50503 SET character_set_client = utf8mb4 */;
CREATE TABLE `user_stock_entry` (
  `ID` int NOT NULL AUTO_INCREMENT,
  `user_id` int NOT NULL,
  `stock_id` int NOT NULL,
  `stock_locale` varchar(255) COLLATE utf8mb4_general_ci NOT NULL,
  `snapshot_price` double DEFAULT NULL,
  `sold_price` double DEFAULT NULL,
  `buy_date` datetime DEFAULT NULL,
  `sell_date` datetime DEFAULT NULL,
  PRIMARY KEY (`ID`)
) ENGINE=InnoDB DEFAULT CHARSET=utf8mb4 COLLATE=utf8mb4_general_ci;
/*!40101 SET character_set_client = @saved_cs_client */;

--
-- Dumping data for table `user_stock_entry`
--

LOCK TABLES `user_stock_entry` WRITE;
/*!40000 ALTER TABLE `user_stock_entry` DISABLE KEYS */;
/*!40000 ALTER TABLE `user_stock_entry` ENABLE KEYS */;
UNLOCK TABLES;

--
-- Table structure for table `users`
--

DROP TABLE IF EXISTS `users`;
/*!40101 SET @saved_cs_client     = @@character_set_client */;
/*!50503 SET character_set_client = utf8mb4 */;
CREATE TABLE `users` (
  `ID` int NOT NULL AUTO_INCREMENT,
  `username` varchar(20) COLLATE utf8mb4_general_ci NOT NULL,
  `name` varchar(20) COLLATE utf8mb4_general_ci NOT NULL,
  `surname` varchar(20) COLLATE utf8mb4_general_ci NOT NULL,
  `password` varchar(255) COLLATE utf8mb4_general_ci NOT NULL,
  `role` varchar(10) COLLATE utf8mb4_general_ci NOT NULL,
  `email` varchar(255) COLLATE utf8mb4_general_ci NOT NULL,
  `phone` varchar(20) COLLATE utf8mb4_general_ci DEFAULT NULL,
  `hash` varchar(255) COLLATE utf8mb4_general_ci DEFAULT NULL,
  PRIMARY KEY (`ID`)
) ENGINE=InnoDB AUTO_INCREMENT=9 DEFAULT CHARSET=utf8mb4 COLLATE=utf8mb4_general_ci;
/*!40101 SET character_set_client = @saved_cs_client */;

--
-- Dumping data for table `users`
--

LOCK TABLES `users` WRITE;
/*!40000 ALTER TABLE `users` DISABLE KEYS */;
INSERT INTO `users` VALUES (1,'sistem','Stock','finder','scrypt:32768:8:1$XAetydxcdDc8JVXv$caff4bbab6a5ce25a2651ceb4deeef9ffe7ad921cf7e669715437724ce71c3de95bed1d1f9f548b1ba22f5d424c56bbfb77193e293f45de992d965c316ded2d0','5','sistem@stockfinder.com','5555555555','026b28c7-db10-45fe-a877-454e74d5a718'),(2,'your_username','John','Doe','h1354','4','user@example.com','0531784586',NULL),(4,'your_username2','John','Doe','scrypt:32768:8:1$PGW6izePnuKQ7hrk$b488f6a774b8f3d0daefd0cf3ced9bcf94054168b4cb9618c6fb05e781510b728bd2dc148d2c80ad2095e9d5d715e23a5aad6b183c8ae5248277f556a7cdcbd1','4','user2@example.com','0531784586','8c4998a0-88c5-4870-bd7f-9b4b5b1093c5'),(5,'your_username3','John','Doe','scrypt:32768:8:1$aLOt4MJdW2QP8SZq$15de3c771d3cf081ae05da4d39823d514cd2d6ca0b50adaf6eb70205416842b498302a34865b8aec8c7b04e4f7d02a84dae42c83b8e6848d5bf166eb772aa099','4','user21@example.com','0531784586','9e333b03-890c-4745-bae3-bd0c56042f62'),(6,'your_username32','John','Doe','scrypt:32768:8:1$be27SWcuMGNt8giy$0d3aea92a1fe2f34a728024e1dfd236a5ce8ccd842303697ce7cd32aaaa52a5680cdd09bcb27e8ccde46fa93f56cbd1ab4fe05a02cea3293dcd14d659b403580','4','user212@example.com','0531784586','594d1909-efb4-4852-9059-a9d70d39eebc'),(7,'das','ads','das','scrypt:32768:8:1$hzeZnIhfljoE47qO$434d87c727a520d888ce0f5585ec5571d1fd4d3460e6299ac01042033d23c2a54cb33a61b35e6d1c3e68ebe52e5349a631858cc1e54930b45ac809fdfd05ea40','0','dsa@gmail.com','das','03e09785-6464-4f47-bc7c-95f8539a48ac'),(8,'hberkayaktas','hberkay','aktaş','scrypt:32768:8:1$XAetydxcdDc8JVXv$caff4bbab6a5ce25a2651ceb4deeef9ffe7ad921cf7e669715437724ce71c3de95bed1d1f9f548b1ba22f5d424c56bbfb77193e293f45de992d965c316ded2d0','0','hberkayaktas@gmail.com','+905317189193','f5aaf89f-88bc-42c8-9e86-21841ecd9dc0');
/*!40000 ALTER TABLE `users` ENABLE KEYS */;
UNLOCK TABLES;

--
-- Table structure for table `watch_list`
--

DROP TABLE IF EXISTS `watch_list`;
/*!40101 SET @saved_cs_client     = @@character_set_client */;
/*!50503 SET character_set_client = utf8mb4 */;
CREATE TABLE `watch_list` (
  `ID` int NOT NULL AUTO_INCREMENT,
  `user_id` int NOT NULL,
  `stock_symbol` varchar(255) COLLATE utf8mb4_general_ci NOT NULL,
  `stock_locale` varchar(255) COLLATE utf8mb4_general_ci NOT NULL,
  `watched_price` decimal(10,2) NOT NULL,
  `watch_date` datetime NOT NULL,
  PRIMARY KEY (`ID`)
) ENGINE=InnoDB AUTO_INCREMENT=43 DEFAULT CHARSET=utf8mb4 COLLATE=utf8mb4_general_ci;
/*!40101 SET character_set_client = @saved_cs_client */;

--
-- Dumping data for table `watch_list`
--

LOCK TABLES `watch_list` WRITE;
/*!40000 ALTER TABLE `watch_list` DISABLE KEYS */;
INSERT INTO `watch_list` VALUES (26,8,'THYAO','TR',308.50,'2024-07-12 11:29:44'),(29,8,'AAPL','US',227.57,'2024-07-12 11:37:01'),(31,8,'KCHOL','TR',229.60,'2024-07-12 11:39:03'),(32,8,'ISCTR','TR',16.89,'2024-07-12 11:39:08'),(33,8,'BTC','WORLD',56461.00,'2024-07-12 14:50:02'),(35,8,'SOL','WORLD',135.50,'2024-07-12 14:55:45'),(36,8,'XRP','WORLD',0.47,'2024-07-12 14:57:35'),(37,8,'JPM','US',207.45,'2024-07-12 15:13:39'),(38,8,'AVAX','WORLD',25.23,'2024-07-12 16:12:16'),(39,1,'AAPL','US',230.90,'2024-07-12 17:55:06'),(40,1,'KCHOL','TR',231.50,'2024-07-12 17:55:11'),(41,1,'BTC','WORLD',57.81,'2024-07-12 17:55:14');
/*!40000 ALTER TABLE `watch_list` ENABLE KEYS */;
UNLOCK TABLES;
/*!40103 SET TIME_ZONE=@OLD_TIME_ZONE */;

/*!40101 SET SQL_MODE=@OLD_SQL_MODE */;
/*!40014 SET FOREIGN_KEY_CHECKS=@OLD_FOREIGN_KEY_CHECKS */;
/*!40014 SET UNIQUE_CHECKS=@OLD_UNIQUE_CHECKS */;
/*!40101 SET CHARACTER_SET_CLIENT=@OLD_CHARACTER_SET_CLIENT */;
/*!40101 SET CHARACTER_SET_RESULTS=@OLD_CHARACTER_SET_RESULTS */;
/*!40101 SET COLLATION_CONNECTION=@OLD_COLLATION_CONNECTION */;
/*!40111 SET SQL_NOTES=@OLD_SQL_NOTES */;

-- Dump completed on 2024-07-13 11:17:54
